{
	"class_name" : "PinholeCameraParameters",
	"extrinsic" : 
	[
		0.91286188567907423,
		0.40745687564390709,
		-0.025730763007547987,
		0.0,
		0.40791470432584398,
		-0.9076343614009007,
		0.099022522686198294,
		0.0,
		0.016993283061382529,
		-0.10088984336832417,
		-0.99475246560936503,
		0.0,
		-1091.60240898763,
		86.808803162008104,
		2308.9980083600394,
		1.0
	],
	"intrinsic" : 
	{
		"height" : 2019,
		"intrinsic_matrix" : 
		[
			1748.5052902407817,
			0.0,
			0.0,
			0.0,
			1748.5052902407817,
			0.0,
			1919.5,
			1009.0,
			1.0
		],
		"width" : 3840
	},
	"version_major" : 1,
	"version_minor" : 0
}