{
	"class_name" : "PinholeCameraParameters",
	"extrinsic" : 
	[
		1.0,
		-0.0,
		-0.0,
		0.0,
		0.0,
		-1.0,
		-0.0,
		0.0,
		0.0,
		-0.0,
		-1.0,
		0.0,
		-959.5,
		538.0,
		2462.9351351403948,
		1.0
	],
	"intrinsic" : 
	{
		"height" : 2019,
		"intrinsic_matrix" : 
		[
			1748.5052902407817,
			0.0,
			0.0,
			0.0,
			1748.5052902407817,
			0.0,
			1919.5,
			1009.0,
			1.0
		],
		"width" : 3840
	},
	"version_major" : 1,
	"version_minor" : 0
}